item_id,asin,prod_name
1520-18,B00C5KDL6I,Adesso Harmony Floor Lamp - Multipurpose Night Lamp with Burlap Shade. Lighting Accessories
1523-01,B00C5KDN0M,"Adesso Stratton Floor Lamp – Lighting Fixture with Black Finish – Smart Outlet Compatible Floor Lamp. Home Improvement Accessories, 62"
3051-22,B000PRPT4K,"Adesso Spotlight 44""-61"" Steel Floor Lamp with Tripod Base, Smart Outlet Compatible"
3117-01,B004Y33LIW,"Adesso Stewart 62.5"" Round Floor Lamp – Lighting Fixture with Storage Shelves, Smart Switch Compatibility Lamp. Home Decor Accessories"
3138-01,B000PRLPZ2,Adesso Wright 63 In. Floor Lamp - Smart Switch Compatible Light Fixtures with Two Storage Shelves. Lighting Accessories
3188-22,B007RM4CIA,"Adesso Bonnet Floor Lamp, Smart Outlet Compatible, 13.25"" x 13.25"" x 62"", Satin Steel"
3234-01,B00IFHU0XC,"Adesso Draper 18.5"" Gooseneck Desk Lamp, Black, Smart Outlet Compatible"
3235-01,B007RM4E8S,"Adesso Draper 2-Light Desk Lamp, Smart Outlet Compatible"
3326-12,B007RM4ERO,"Adesso Table Lantern, Smart Outlet Compatible, 12"", Angelina"
3327-12,B007RM4EQK,"Adesso Angelina 19"" Table Lamp, Smart Outlet Compatible"
3338-15,B0016L7PUA,"Adesso Hamptons Floor Lamp Smart Outlet Compatible, 65"", Walnut"
3349-26,B007RM4EQ0,"Adesso Transitional Rodeo, Floor Lamp, 61"
3366-22,B0016LD75W,Adesso Atlas Floor Lamp - Adjustable Night Lamp in Satin Steel - Smart Outlet Compatible Lighting Fixture. Home Decor and Lighting
3376-15,B0119ZNWKO,Adesso Hamilton 26.25 In. Table Lamp - Antique Design Table Lamp with Brass Finish. Lightings and Fixtures
3377-15,B0119ZO67C,"Adesso Floor Lamp Hamilton Floor Lamp, Smart Outlet Compatible, 65.5"" x 19"" x 18"", silver"
3450-01,B00IFHL6ZI,"Adesso Murray 72"" Tall Floor Lamp with Storage Shelves, Drawers. Durable MDF Lighting Equipment with Wood Veneer Finishing. Home Decor Accessory"
3451-16,B00IFHL7Q6,Adesso Barbery 63 In. Floor Lamp - Oakwood Floor Lamp with Three Storage Shelves. Home Decor and Lighting
3456-22,B00HUZXJZQ,"Adesso Hayworth 22"" Table Lamp, Satin Steel, Smart Outlet Compatible"
3457-22,B00HUZXKFA,"Adesso Hayworth 65"" Floor Lamp, Satin Steel, Smart Outlet Compatible"
3677-01,B0042GVJBW,"Adesso Swivel Floor Lamp, Black Finish"
4001-12,B007RM4GEU,"Adesso Harvest Drum Pendant, Natural"
4045-01,B003545AH6,"Adesso Stix 24.5"" Table Lantern, Black, Smart Outlet Compatible"
4046-01,B0035492OS,"Adesso Stix 50"" Floor Lantern, Black, Smart Outlet Compatible"
4047-01,B00354B4YO,"Adesso Stix 68 In. Floor Lamp, Black, Smart Outlet Compatible - Standing Lamp with Twisted Structure. Lighting Accessory"
4050-15,B0016L8BGC,"Adesso Lexington 22.5"" Table Lamp – Lighting Fixture with Walnut Wood Body, Smart Switch Compatible Lamp. Home Improvement Equipment"
4066-22,B0016L6LTQ,"Adesso Boulevard 28"" Table Lamp, Satin Steel, Smart Outlet Compatible"
4067-22,B0016L6FYW,"Adesso Boulevard 61"" Floor Lamp, Satin Steel, Smart Outlet Compatible"
4083-15,B0092SJN7W,"Adesso Sedona 13"" Table Lantern, Smart Outlet Compatible, 13"" x 7"" x 7"", Walnut"
4099-15,B000PRNREY,"Adesso Gyoza 67"" Floorchiere Floor Lamp with Rice-Paper Shade, Walnut"
4101-26,B000PRPT9U,Adesso Spheres Arc 3-Light Floor Lamp - Standing Lamp with Rice Paper Shades. Lighting Fixture. Home Decor and Lighting
4152-26,B000PRLV9C,"Adesso Bellows 74 In. Tree Lamp - Decorative Lighting Fixture with 3 Lights, Smart Outlet Compatible Lamp. Home Improvement Accessories"
4161-12,B000PRKBDO,"Adesso Orb 19 in. Medium Pendant Lamp, Orb Pendant Light, Natural, Smart Outlet Compatible. Lighting Accessories"
4173-22,B000PRLVKG,"Adesso Hollywood Table Lamp, 27"", Satin Steel"
4238-26,B00IJJQ4O0,"Adesso Trinity Arc Floor Lamp Antique Bronze FinisH, Beige Burlap Lamp. Home Decor Lamps and Light Fixtures, 82"
4305-22,B00M23CSU8,"Adesso Trio 3-Light Floor Lamp, 68"" Height, Smart Outlet Compatible"
5090-22,B007RM4HIA,"Adesso Esquire 13""-19"" LED Desk Lamp, Smart Outlet Compatible, 5.5"" x 19.0"" x 19.0"", Satin Steel"
5098-01,B007RM4I20,"Adesso Goliath 83"" Arc Lamp, Smart Outlet Compatible, 60.0"" x 15.0"" x 83.0"", Black"
5120-22,B00354B2IC,"Adesso Metropolis 71.5 in. Floor Lamp - Chrome Finish Lighting Fixture, Adjustable Height, Smart Outlet Compatible. Freestanding Lamps"
5135-22,B00IJJQ576,"Adesso ED Torchiere LED, Satin Steel, Smart Outlet Compatible, 71"", Mars"
5233-22,B001WAKK66,"Adesso Odyssey 71"" Tall Floor Lamp, Steel, Smart Outlet Compatible"
6135-02,B000PRKF76,"Adesso Suki Floor Lantern, Smart Outlet Compatible, 20"" x 20"" x 51"", White"
6237-02,B0092SJSFE,"Adesso Oslo Floor Lamp – Corrosion Resistant, Scratch Proof, White Matte Finish Lighting Equipment with Metal Body. Tools & Home Improvement"
7202-01,B000PRNW4E,"Adesso Piedmont 71"" Torchiere with Adjustable Reading Lamp, 2 Lights, Black, Smart Outlet Compatible"
7202-22,B000PRPRKG,Adesso Piedmont Torchiere - Contemporary Floor Lamp with Adjustable Reading Lamp. Home Decor and Lighting
7207-15,B001WAKK6G,"Adesso Alta 71"" Floor Lamp, Walnut, Smart Outlet Compatible"
7500-01,B000PRNW62,"Adesso Aries 73"" 73-Inch Torchiere-Style Incandescent Floor Lamp, Black, Smart Outlet Compatible"
7500-22,B000PRKFIU,"Adesso Aries 73"" Torchiere-Style Incandescent Floor Lamp, Satin Steel, Smart Outlet Compatible"
8021-12,B000PRNWA8,"Adesso Dune Table Lamp - Wood Base Desk Lamp - Lighting Fixture for Living Room, Bedroom. Home Decor Item"
8022-12,B000PRNWBC,"Adesso Dune 58"" Floorchiere, Natural, Smart Outlet Compatible"
